﻿{
  "list": [
    {
	  //"id":1,
      "nickname": "张三"
      ,"birthday": "2000-01-02"
      ,"sign": "人生就像是一场修行"
    }
    ,{
      "id":2
      ,"nickname": "李四"
      ,"birthday": "2000-10-01"
	  ,"sign": "人生就像是一场修行"
    }
    ,{
      "id":3
      ,"nickname": "王五"
      ,"birthday": "2000-08-30"
	  ,"sign": "人生就像是一场修行"
    }
    ,{
      "id":4
      ,"nickname": "赵六"
      ,"birthday": "2000-05-30"
	  ,"sign": "人生就像是一场修行"
    }
    ,{
      "id":5
      ,"nickname": "周七"
      ,"birthday": "2000-01-01"
	  ,"sign": "人生就像是一场修行"
    }
	
  ]
}