<?xml version="1.0" encoding="UTF-8"?>
<!DOCTYPE generatorConfiguration
        PUBLIC "-//mybatis.org//DTD MyBatis Generator Configuration 1.0//EN"
        "http://mybatis.org/dtd/mybatis-generator-config_1_0.dtd">
<generatorConfiguration>
    <classPathEntry
            location="C:/Users/Administrator/.m2/repository/mysql/mysql-connector-java/5.1.41/mysql-connector-java-5.1.41.jar"/>
    <context id="mysqlTables" targetRuntime="MyBatis3">
        <jdbcConnection driverClass="com.mysql.jdbc.Driver"
                        connectionURL="jdbc:mysql://192.168.0.108:3306/springboot"
                        userId="geli"
                        password="geli"/>
        <!-- mybatis-generator:generate -e -->

        <!-- 指定生成的类型为java类型，避免数据库中number等类型字段 -->
        <javaTypeResolver>
            <property name="forceBigDecimals" value="false"/>
        </javaTypeResolver>

        <!-- 生成model模型，对应的包，存放位置可以指定具体的路径,如/ProjectName/src，也可以使用MAVEN来自动生成 -->
        <!--<javaModelGenerator targetPackage="com.mct.push.entity" targetProject="src/main/java" targetProject="MAVEN" >-->
        <javaModelGenerator targetPackage="com.test.entity" targetProject="MAVEN">
            <property name="enableSubPackages" value="true"/>
            <property name="trimStrings" value="true"/>
           <!-- <property name="rootClass" value="com.maccloud.basic.BasicEntity"/>-->
        </javaModelGenerator>

        <!--对应的xml mapper文件  -->
        <!--<sqlMapGenerator targetPackage="com.mct.push.mapper" targetProject="src/main/resources">-->
        <sqlMapGenerator targetPackage="com.test.mapper" targetProject="MAVEN">
            <property name="enableSubPackages" value="false"/>
        </sqlMapGenerator>

        <!-- 对应的dao接口 -->
        <!-- 生成mapper的位置 -->
        <!--<javaClientGenerator targetPackage="com.mct.push.mapper" targetProject="src/main/java" type="XMLMAPPER"  />-->
        <javaClientGenerator targetPackage="com.test.mapper" targetProject="MAVEN" type="XMLMAPPER">
            <!--<property name="rootInterface" value="com.test.basic.BasicMapper"/>-->
        </javaClientGenerator>

        <!-- <table tableName="t_member" domainObjectName="Member" schema="Member">
             <property name="useActualColumnNames" value="true"/>
         </table>-->
        <table tableName="t_user" domainObjectName="User" schema="User">
            <property name="useActualColumnNames" value="true"/>
        </table>
    </context>
</generatorConfiguration>